order_id,product_id,quantity
1,138,7
1,79,2
1,146,10
1,113,8
1,20,4
1,58,10
2,71,2
2,44,5
2,54,9
2,110,2
2,70,6
2,133,3
2,40,10
2,6,6
3,82,9
4,125,1
4,28,2
4,94,1
4,96,9
4,53,3
4,132,9
4,113,9
4,19,6
4,27,2
4,115,1
4,131,6
4,10,6
4,135,5
4,52,9
4,8,10
5,133,8
5,53,3
5,3,3
5,67,6
6,67,10
6,13,3
6,17,4
6,12,6
6,24,10
6,90,7
7,115,7
7,136,4
7,103,8
7,112,9
7,52,9
7,16,7
7,91,3
7,124,3
8,92,6
8,147,7
8,4,10
8,84,2
9,84,9
9,136,2
9,145,4
9,63,3
9,131,4
9,116,2
9,79,4
9,132,7
10,18,6
10,100,3
10,77,10
10,130,4
10,121,5
10,43,6
11,109,5
11,133,4
11,139,3
11,1,10
11,64,7
11,54,8
11,132,2
11,128,9
12,141,8
12,93,10
12,98,10
13,15,4
13,120,6
13,11,1
13,105,4
13,145,7
13,68,10
13,115,2
13,123,9
13,125,1
13,81,5
13,62,9
13,75,10
13,92,1
13,129,10
13,119,8
13,49,1
13,144,7
13,79,9
13,98,2
13,100,4
13,85,2
13,141,3
13,58,4
13,88,3
13,46,9
14,30,6
14,9,3
14,51,3
14,122,8
14,138,1
14,80,2
14,146,1
15,2,9
15,115,4
15,126,4
15,51,3
15,127,4
15,94,10
15,16,2
15,95,9
15,23,9
15,8,10
15,91,7
15,138,9
15,71,8
15,114,7
15,104,4
16,67,9
16,76,10
16,92,4
16,51,5
16,56,2
16,77,9
16,79,7
16,24,7
16,103,5
16,70,4
16,28,1
16,114,4
16,22,6
16,12,6
16,145,4
16,3,1
16,73,4
16,81,10
16,71,7
16,16,6
16,128,7
16,99,7
16,117,6
16,133,9
16,139,3
17,19,6
17,64,3
17,103,9
17,58,8
18,86,5
18,24,4
18,119,8
18,52,6
18,14,5
18,89,2
18,148,9
18,49,7
19,88,8
19,100,2
19,98,8
19,25,1
19,122,7
19,68,9
19,111,7
19,136,1
19,101,10
20,122,2
20,4,1
20,76,9
20,25,3
20,56,5
20,123,4
20,22,3
21,142,6
21,83,6
21,11,7
21,6,9
21,43,9
21,90,7
21,145,10
22,10,2
23,135,4
23,71,1
23,125,6
23,8,1
23,94,6
23,141,9
23,66,3
23,121,9
24,9,3
24,139,1
24,99,6
24,19,9
24,114,9
24,8,1
24,31,2
24,1,8
25,70,10
25,52,7
25,98,6
25,48,10
25,9,8
25,44,3
25,23,7
25,120,3
25,3,9
25,97,7
25,77,1
25,93,2
25,104,6
25,145,3
25,51,6
26,121,1
26,108,6
26,59,7
26,30,2
26,6,2
27,130,10
27,101,1
27,6,9
27,98,7
28,71,10
28,94,7
29,90,7
30,82,3
30,124,9
30,96,8
30,51,2
30,53,2
31,14,3
31,104,2
31,112,1
31,94,3
31,55,4
31,131,9
31,140,7
31,96,4
31,4,3
31,6,10
31,71,6
31,130,4
31,10,9
31,79,5
31,25,5
31,105,6
31,46,2
31,103,5
31,97,1
31,58,2
31,126,4
31,22,4
31,81,10
31,28,9
31,31,6
32,148,5
32,55,10
32,143,9
32,86,7
32,81,10
32,1,6
32,50,3
32,18,4
32,61,8
32,123,9
32,140,1
32,134,7
32,90,2
32,76,7
32,84,7
33,99,9
33,52,1
33,57,9
33,141,10
33,81,3
33,146,1
33,17,2
33,73,2
33,116,5
33,115,10
33,30,8
33,11,5
33,83,10
33,74,1
33,23,8
34,74,8
34,146,3
34,95,1
34,16,10
34,122,8
34,104,5
34,19,9
34,47,9
34,43,6
34,10,10
34,102,10
34,15,3
34,1,1
34,6,1
34,57,3
34,130,4
34,78,9
34,84,1
34,94,3
34,81,4
34,119,3
34,50,2
34,55,3
34,9,5
34,92,2
35,33,7
35,78,7
35,146,9
35,1,7
35,18,7
35,5,3
35,79,8
35,97,6
35,25,2
35,24,1
35,94,9
35,99,3
35,88,1
35,131,5
35,28,4
36,47,5
36,51,4
36,20,1
37,87,6
37,12,7
37,102,9
37,99,7
37,90,5
38,17,6
38,4,10
38,99,3
38,114,8
38,49,3
39,64,1
39,12,2
39,7,4
39,19,3
39,28,7
39,137,8
39,82,10
40,63,3
40,92,8
40,116,6
40,133,8
41,143,4
41,97,3
41,122,7
41,148,10
42,22,1
42,99,4
42,12,4
43,46,2
43,127,7
43,138,1
43,40,3
43,113,4
44,69,10
44,74,3
44,76,8
44,53,1
44,5,10
44,16,7
44,18,1
45,1,9
45,136,8
45,105,8
45,77,10
45,82,7
45,10,2
46,20,1
46,95,5
46,23,8
46,100,7
46,146,4
46,127,1
46,132,10
46,56,1
46,112,5
46,142,6
46,13,10
46,16,6
46,66,2
46,99,3
46,90,7
47,92,1
47,31,3
47,33,4
48,91,6
49,64,4
49,22,8
49,49,6
49,83,9
49,119,1
49,72,6
49,95,6
49,149,1
49,26,9
49,53,5
49,58,6
49,140,2
49,56,4
49,132,3
49,45,7
49,8,9
49,23,5
49,129,9
49,123,10
49,107,5
49,87,8
49,146,4
49,51,1
49,143,7
49,79,5
50,128,1
50,23,9
50,68,9
50,57,8
50,121,5
50,141,5
50,1,2
50,145,8
50,123,9
51,12,1
51,45,6
51,60,10
51,126,4
51,13,6
51,26,3
51,82,4
51,25,5
51,24,9
51,15,6
51,86,3
51,83,2
51,57,3
51,104,6
51,30,4
51,144,8
51,76,6
51,51,3
51,55,2
51,107,9
51,80,4
51,68,3
51,121,1
51,75,10
51,103,5
52,103,10
52,28,4
52,26,6
52,76,2
52,53,3
53,129,6
53,12,10
53,72,1
53,134,1
53,137,8
53,51,10
53,80,2
53,126,4
53,117,8
53,31,9
53,127,8
53,82,5
53,57,1
53,4,2
53,89,2
53,22,7
53,132,5
53,70,7
53,79,7
53,16,2
53,142,5
53,60,9
53,81,3
53,62,6
53,59,10
54,70,9
54,94,8
54,68,8
54,117,5
54,64,2
54,147,3
54,81,10
55,84,1
55,126,10
55,134,10
55,85,9
56,7,5
56,123,10
56,77,5
56,82,2
56,61,8
56,112,1
56,125,4
56,85,4
57,148,8
57,147,7
57,84,4
57,40,6
58,2,2
58,121,10
58,107,2
58,105,9
58,44,9
58,110,5
59,28,10
59,124,7
60,57,7
60,22,6
61,80,9
61,145,4
61,3,10
61,25,9
61,41,1
61,19,6
61,46,8
61,109,6
62,24,6
62,148,2
62,28,4
62,81,1
62,143,5
62,63,2
62,43,4
62,89,1
62,99,6
63,75,10
63,116,10
63,7,10
63,67,6
63,19,3
63,70,8
63,13,1
63,146,5
64,21,8
64,133,3
64,75,3
64,148,7
64,71,3
64,12,2
64,55,8
64,41,1
64,136,4
65,103,10
65,101,1
65,31,5
65,128,1
65,43,9
65,6,2
65,59,4
65,123,9
65,129,8
65,70,2
65,14,10
65,11,2
65,72,7
65,127,9
65,62,1
65,12,7
65,5,4
65,114,7
65,144,5
65,7,10
65,130,3
65,106,8
65,110,2
65,64,1
65,28,4
66,94,1
67,15,7
67,22,4
67,89,9
67,78,5
67,6,7
67,83,5
67,63,5
67,21,2
67,102,4
68,148,2
68,115,2
68,14,1
68,118,10
68,81,10
68,123,9
68,41,4
68,33,1
69,56,2
69,92,5
69,107,4
69,55,2
69,91,3
69,20,1
70,91,7
70,59,2
70,60,1
71,14,9
71,62,1
71,138,6
71,122,8
71,20,5
71,110,7
71,149,9
71,80,1
71,88,4
71,50,6
71,143,7
71,81,6
71,43,1
71,140,5
71,118,2
72,134,5
72,81,5
72,88,4
72,101,6
72,56,8
73,136,1
73,27,3
73,87,5
73,143,3
73,64,2
73,112,8
73,21,8
73,61,3
73,133,8
73,116,7
73,126,7
73,19,3
73,14,9
73,10,6
73,52,9
74,82,1
74,146,6
74,10,1
74,100,1
74,111,2
74,149,3
74,77,1
74,58,7
74,109,7
74,28,10
74,30,8
74,23,9
74,71,1
74,116,6
74,123,3
75,113,9
75,3,6
75,42,2
75,145,4
75,69,8
75,72,7
76,111,2
76,20,2
76,22,2
76,140,6
76,142,7
77,43,4
78,83,6
79,15,5
79,124,1
79,141,2
80,53,10
80,108,7
80,136,10
80,24,3
80,83,1
80,18,4
80,91,2
80,118,1
81,21,1
81,146,4
81,99,5
81,52,2
81,11,9
81,129,3
82,132,5
82,134,10
82,103,6
82,86,6
82,47,5
82,6,5
82,62,4
82,70,5
82,79,7
83,58,3
83,73,3
84,145,6
85,5,3
85,23,10
85,122,2
86,77,5
86,26,3
86,50,2
86,118,9
86,126,6
86,16,7
86,116,4
86,78,4
86,66,1
86,22,7
86,101,10
86,145,1
86,91,8
86,95,4
86,43,1
86,90,8
86,86,6
86,69,4
86,94,3
86,119,4
86,80,4
86,111,4
86,17,1
86,96,10
86,47,5
87,87,7
87,68,4
87,119,2
87,5,4
87,128,10
87,108,1
88,66,6
88,27,7
88,55,10
88,24,10
88,114,3
88,131,8
88,135,8
88,147,7
89,132,2
89,117,7
89,71,5
89,78,9
90,56,10
91,7,2
91,97,6
91,88,2
91,143,4
91,78,10
91,71,10
91,100,6
91,92,5
91,82,8
91,104,6
91,76,10
91,137,3
91,11,8
91,98,4
91,18,2
92,30,5
92,2,6
92,90,6
92,134,7
92,133,3
92,87,9
93,141,8
93,117,5
93,142,10
93,107,7
94,49,6
94,127,1
94,89,1
94,109,9
95,40,10
95,76,8
95,85,4
95,2,9
95,93,10
95,31,7
95,42,3
96,143,3
96,79,4
96,14,3
96,4,7
96,41,7
96,7,3
96,19,4
96,53,1
96,101,5
96,130,4
96,142,3
96,125,1
96,119,8
96,1,2
96,12,4
96,127,9
96,75,3
96,33,9
96,21,3
96,13,3
96,57,8
96,69,2
96,131,4
96,104,10
96,18,1
97,43,10
97,94,3
97,124,4
97,5,5
97,117,4
97,27,5
98,104,5
98,16,6
98,8,5
98,143,2
99,55,10
99,64,7
99,80,4
99,136,1
99,11,10
99,63,8
99,118,2
100,51,9
100,3,10
100,24,9
100,74,4
100,123,7
101,106,3
101,143,9
101,6,6
101,11,5
101,51,1
101,131,6
101,91,5
101,81,10
101,12,1
101,117,8
101,65,10
101,25,1
101,132,3
101,50,6
101,82,8
101,40,3
101,42,1
101,48,2
101,93,2
101,113,2
101,79,4
101,1,1
101,130,9
101,141,10
101,89,7
102,81,4
102,112,3
102,15,2
102,138,8
102,119,3
102,8,6
102,91,1
102,5,3
102,25,5
103,145,7
103,114,1
103,130,5
103,43,5
103,67,5
103,137,2
103,76,6
103,133,7
104,115,1
104,139,8
104,67,9
104,21,6
104,111,5
104,80,3
104,71,10
104,108,5
104,1,4
104,52,6
104,97,8
104,146,2
104,60,8
104,9,2
104,26,2
104,104,4
104,64,2
104,72,9
104,131,6
104,59,7
104,122,1
104,124,2
104,133,3
104,100,1
104,58,7
105,66,6
106,94,3
106,25,6
106,6,6
106,26,6
106,10,10
106,110,7
106,55,4
106,101,4
107,127,2
107,89,10
107,123,7
107,117,4
107,60,4
108,52,8
108,122,7
108,140,7
108,76,7
108,59,4
109,148,3
109,107,10
110,28,10
110,24,1
110,47,10
110,105,9
110,135,3
111,13,3
111,134,8
111,143,9
111,136,2
111,14,8
111,46,7
111,142,7
111,94,2
111,51,4
112,108,9
112,116,5
112,43,6
112,21,4
112,93,2
112,7,1
112,82,9
112,53,8
112,117,4
112,31,5
112,14,3
112,98,4
112,11,7
112,144,2
112,67,5
112,68,8
112,140,5
112,20,1
112,76,10
112,85,1
112,71,6
112,130,6
112,126,8
112,110,1
112,133,8
113,58,2
113,64,10
113,117,1
113,121,4
113,68,6
113,4,5
113,148,7
113,54,6
114,81,4
114,139,5
114,9,10
114,76,4
114,133,3
114,59,7
114,109,4
114,75,6
114,99,3
114,136,1
114,134,3
114,145,1
114,120,2
114,116,3
114,45,7
114,55,5
114,61,7
114,44,6
114,24,3
114,106,1
114,148,6
114,135,9
114,121,10
114,66,1
114,117,7
115,92,5
116,25,5
116,136,6
116,12,5
116,79,5
116,9,1
116,102,2
116,101,2
116,21,7
116,91,5
117,90,8
117,89,3
117,71,7
117,15,9
117,52,4
118,30,9
118,12,5
118,127,8
119,30,1
119,85,9
119,20,3
119,125,5
119,33,7
119,23,8
119,5,5
120,123,5
120,137,3
120,135,3
121,110,7
121,77,7
121,129,2
121,57,3
121,24,10
121,18,10
122,6,3
122,80,2
122,132,1
122,45,1
122,125,1
122,64,2
122,50,3
122,146,2
122,91,10
122,92,4
122,18,1
122,44,3
122,130,2
122,142,2
122,140,10
122,105,5
122,145,7
122,24,4
122,77,8
122,93,5
122,12,8
122,61,1
122,58,6
122,103,10
122,27,4
123,78,10
123,136,5
123,100,3
124,120,2
124,70,2
124,24,4
124,18,4
125,114,9
126,77,6
126,26,10
126,3,1
126,52,6
126,59,4
126,116,9
126,68,7
126,4,7
126,62,6
126,128,3
126,69,4
126,75,3
126,46,7
126,14,1
126,42,2
126,49,1
126,88,4
126,101,9
126,16,8
126,94,3
126,47,4
126,145,5
126,135,5
126,8,6
126,147,9
127,9,10
127,99,3
127,136,8
127,21,1
127,86,3
128,102,9
128,110,5
128,147,5
128,137,1
128,58,2
128,100,6
128,13,9
128,52,2
128,129,3
129,147,5
129,108,2
129,79,1
129,55,10
129,33,2
129,89,1
129,19,4
129,47,1
129,113,5
129,122,6
129,54,8
129,52,9
129,136,8
129,51,9
129,92,5
130,145,2
130,101,7
130,92,2
130,139,4
130,86,5
130,83,3
130,127,4
130,88,2
131,134,5
131,33,5
131,3,10
131,42,1
131,7,3
131,79,7
131,112,8
131,17,6
131,109,7
132,88,6
132,57,4
132,122,1
132,91,10
132,65,5
132,18,8
132,11,6
133,55,10
134,69,4
134,147,10
134,8,8
134,33,7
134,27,9
135,134,4
136,108,10
136,52,6
137,76,3
137,128,6
137,125,10
137,24,5
137,88,10
138,57,1
138,26,10
138,96,1
138,116,7
138,28,5
138,48,6
138,132,7
138,107,1
138,143,3
138,112,3
138,56,10
138,138,1
138,46,8
138,54,10
138,73,8
138,105,9
138,44,5
138,104,3
138,42,2
138,137,6
138,3,3
138,119,4
138,106,10
138,67,7
138,77,9
139,114,5
139,129,1
139,61,3
139,141,3
139,118,2
139,121,8
140,139,4
140,21,3
140,47,3
140,116,5
140,128,4
140,46,9
140,143,7
140,81,5
140,15,9
141,46,4
141,15,10
141,84,4
141,147,9
141,93,4
141,87,6
141,135,7
141,138,8
141,121,4
141,66,8
141,17,1
141,116,2
141,45,1
141,21,8
141,62,7
142,20,5
142,75,10
142,63,4
142,134,8
142,80,2
142,17,10
142,5,4
142,30,5
142,140,3
142,94,1
142,62,7
142,13,1
142,24,9
142,123,6
142,120,9
143,114,2
143,27,9
143,98,10
143,117,3
143,76,8
143,93,10
143,20,4
144,5,9
144,52,10
145,131,1
145,67,2
145,47,4
145,21,6
145,75,2
145,116,2
145,100,10
145,63,5
145,88,3
146,105,5
146,87,4
146,84,9
146,83,6
146,95,2
146,61,4
146,5,6
147,19,9
147,91,3
147,13,8
147,28,3
147,111,10
147,142,9
148,81,8
148,115,6
148,103,9
148,111,10
148,46,7
148,141,5
148,128,4
148,86,7
149,94,7
149,70,6
149,45,8
149,91,7
149,25,6
149,44,5
149,1,9
150,133,2
150,114,8
150,21,3
150,9,4
150,120,9
150,68,10
150,125,2
150,41,2
150,104,9
151,47,9
151,120,8
151,74,8
151,119,5
151,135,1
151,67,6
151,73,3
152,121,4
152,140,7
152,51,1
152,122,5
152,91,9
152,59,10
152,128,3
153,19,8
153,72,4
153,47,9
153,10,7
153,75,9
153,133,4
153,17,9
153,53,8
153,141,3
154,112,8
154,17,9
154,138,8
154,145,7
154,89,6
155,108,2
155,76,5
155,103,5
156,33,7
156,76,9
156,50,10
156,46,4
156,28,5
156,120,8
156,111,10
156,22,6
156,53,1
156,117,10
156,79,6
156,13,6
156,99,2
156,67,8
156,78,10
157,98,3
157,21,1
157,83,1
157,64,4
157,50,9
157,149,6
157,85,9
157,111,6
157,49,10
158,69,10
158,128,9
158,126,2
158,115,6
158,8,8
159,59,3
159,79,1
159,144,3
159,110,1
159,28,4
159,145,7
159,69,5
159,14,6
159,75,3
160,6,10
160,31,3
160,33,1
160,11,5
160,45,2
160,5,8
160,47,3
160,124,10
160,118,3
161,4,9
161,18,7
161,33,1
162,92,1
162,7,5
163,121,10
163,130,7
163,17,9
163,103,8
163,68,4
163,72,4
163,43,9
163,98,7
164,66,3
165,61,9
165,108,6
165,74,6
165,124,1
165,143,8
165,54,7
165,87,5
165,106,5
166,141,2
166,138,8
166,140,10
166,15,8
166,90,3
166,47,10
166,82,10
167,144,4
167,148,6
167,78,1
167,24,4
167,26,8
167,88,3
167,42,7
168,61,3
168,12,7
169,72,3
169,102,1
169,56,10
169,129,1
169,138,8
169,96,1
169,51,5
169,147,2
169,54,3
169,128,8
169,95,6
169,124,5
169,60,2
169,133,6
169,59,10
170,123,7
170,20,2
170,131,8
170,94,8
170,82,3
171,30,4
172,1,9
173,134,3
173,144,2
173,28,9
173,4,10
173,120,10
173,45,7
173,91,8
173,65,10
173,49,7
173,74,9
173,86,1
173,11,1
173,46,9
173,111,4
173,124,6
174,11,9
174,79,4
174,30,7
174,69,9
174,5,3
174,96,2
174,103,9
174,95,1
174,93,9
175,86,3
175,87,6
175,91,5
175,11,1
176,48,7
176,51,7
176,121,10
176,125,10
176,114,1
176,17,1
176,134,8
176,54,9
177,5,6
177,61,7
177,110,2
177,20,1
177,21,10
178,9,5
178,56,7
178,2,2
178,24,7
178,14,6
178,45,1
178,21,5
178,51,7
178,81,1
179,54,4
179,144,4
180,131,10
180,132,5
180,103,3
180,50,4
180,114,8
180,113,5
180,109,4
180,89,3
180,52,3
181,57,3
181,53,4
181,148,1
181,65,8
182,1,1
182,16,9
182,147,4
182,4,1
182,134,10
182,84,4
182,108,3
182,120,9
182,133,3
182,145,10
182,87,6
182,42,5
182,5,2
182,97,6
182,94,5
183,22,7
183,33,8
183,10,5
184,6,2
185,121,3
186,46,9
186,49,1
186,102,8
186,109,10
187,115,1
187,73,2
187,112,2
187,43,4
187,140,4
187,110,7
187,143,9
187,97,9
187,72,7
188,77,1
189,125,6
189,52,6
190,113,2
190,78,7
190,74,2
190,81,8
190,61,10
190,108,6
190,64,9
190,14,2
190,63,9
190,120,9
190,19,4
190,101,3
190,90,2
190,123,10
190,75,6
190,135,3
190,111,8
190,49,2
190,18,8
190,53,1
190,21,9
190,138,1
190,30,7
190,143,8
190,69,3
191,12,6
191,113,9
191,125,3
191,129,2
191,44,3
191,111,7
192,42,8
192,23,3
192,122,7
192,58,3
192,9,1
192,45,4
192,81,9
192,113,9
192,59,5
192,56,1
192,144,1
192,70,1
192,20,8
192,73,3
192,86,8
193,105,6
193,31,8
193,22,6
193,141,1
194,58,3
194,74,10
194,18,4
194,4,1
194,56,5
195,102,9
195,92,7
195,130,10
195,132,1
195,9,8
195,139,1
195,135,8
195,101,6
195,110,5
195,59,1
195,134,8
195,98,1
195,43,4
195,73,6
195,67,2
196,80,5
196,93,4
196,127,1
196,142,10
196,65,2
196,9,10
196,22,10
196,112,6
197,52,8
197,107,4
197,117,7
197,84,2
197,59,6
197,123,7
197,66,8
197,83,8
197,87,10
197,92,7
197,41,4
197,88,3
197,132,10
197,71,8
197,120,10
197,51,4
197,44,6
197,82,8
197,42,7
197,139,1
197,67,6
197,7,2
197,146,9
197,91,9
197,77,6
198,94,6
198,119,7
198,42,1
198,78,7
198,147,9
198,101,6
198,6,1
198,56,7
198,47,1
198,144,10
198,40,1
198,2,7
198,19,1
198,104,10
198,137,2
198,10,1
198,124,9
198,61,10
198,9,10
198,65,6
198,129,1
198,113,5
198,96,9
198,80,3
198,73,3
199,132,1
199,106,5
199,125,3
199,3,3
199,89,2
199,65,9
200,136,7
200,86,1
200,119,1
200,60,4
200,26,4
200,59,9
200,85,7
200,94,1
200,133,9
200,48,9
200,140,9
200,19,7
200,124,3
200,9,9
200,87,3
201,17,8
201,106,4
201,56,3
201,132,3
201,143,10
201,110,7
201,88,8
201,59,8
202,78,9
202,41,3
202,59,3
202,84,6
202,109,6
202,92,10
202,48,3
202,86,6
202,131,4
202,94,10
202,147,6
202,54,6
202,79,6
202,47,2
202,139,7
203,41,1
203,84,6
204,71,8
204,54,7
204,62,6
205,55,6
205,124,9
205,149,7
205,3,2
205,11,10
205,45,8
205,21,10
205,20,4
205,104,6
205,70,3
205,105,9
205,95,8
205,19,8
205,109,9
205,6,6
206,21,6
206,69,10
206,141,8
206,18,1
206,145,7
206,14,4
206,104,1
206,59,7
207,114,6
208,106,1
208,142,10
208,56,8
208,122,6
208,13,5
208,124,7
208,55,3
208,97,9
208,20,6
209,130,3
209,142,6
209,50,1
209,73,4
209,98,7
209,26,2
209,90,4
210,27,7
210,134,8
211,40,10
211,127,9
211,106,5
211,131,1
211,26,5
211,78,4
211,132,5
211,134,3
211,54,2
211,80,2
211,17,1
211,16,3
211,137,4
211,93,5
211,125,9
211,121,1
211,7,10
211,92,2
211,76,7
211,115,1
211,130,4
211,100,3
211,102,9
211,71,3
211,31,9
212,117,7
212,45,1
212,97,6
212,6,5
212,46,9
212,4,9
212,3,3
212,18,8
212,16,2
212,15,10
212,33,8
212,21,6
212,127,2
212,51,9
212,86,10
212,103,5
212,42,7
212,96,9
212,81,1
212,112,8
212,137,5
212,47,8
212,79,10
212,13,9
212,57,5
213,98,2
213,76,5
213,140,8
213,126,3
213,131,8
213,89,10
213,139,5
214,82,8
214,48,9
214,21,6
214,12,10
214,75,6
214,123,1
214,112,2
214,95,3
214,22,2
214,148,3
214,55,6
214,63,2
214,109,8
214,146,2
214,19,3
215,85,7
215,55,1
215,41,6
216,133,8
216,7,4
216,47,9
216,40,9
216,5,10
216,4,8
216,59,3
216,62,3
216,75,6
216,148,9
216,25,2
216,102,9
216,89,10
216,54,8
216,99,6
216,109,9
216,26,1
216,90,8
216,2,5
216,57,1
216,88,6
216,30,3
216,73,9
216,91,9
216,115,2
217,57,2
217,75,3
217,129,8
217,115,7
218,51,9
218,130,3
218,82,10
219,19,9
220,46,5
221,120,2
221,130,5
221,70,10
221,18,2
221,68,4
221,115,6
222,116,9
222,45,4
222,44,4
222,137,1
222,55,1
223,26,9
223,13,8
224,73,5
224,134,4
224,77,5
224,22,1
224,71,4
224,15,3
224,60,1
224,96,6
225,33,6
225,87,8
225,105,1
226,116,5
226,98,9
226,138,2
226,107,6
226,54,3
226,56,7
226,128,8
227,26,6
227,10,1
227,149,8
227,131,8
227,2,5
227,48,1
227,22,9
227,73,2
228,70,7
228,116,4
228,20,10
228,74,5
229,115,4
229,20,6
229,103,6
229,12,10
229,108,5
229,134,4
229,112,9
230,88,8
230,83,2
230,91,7
230,41,1
230,13,3
230,68,1
230,147,10
230,135,3
230,11,4
230,128,9
230,14,2
230,26,8
230,23,2
230,132,2
230,143,7
231,58,7
231,41,9
231,8,6
231,125,5
231,78,2
231,57,2
231,138,4
231,94,10
231,15,4
231,1,5
231,132,7
231,136,1
231,47,1
231,69,7
231,27,3
231,53,3
231,9,4
231,102,6
231,87,4
231,65,7
231,5,8
231,18,1
231,55,7
231,122,7
231,129,4
232,134,3
232,25,1
232,130,1
232,137,1
232,52,8
232,94,10
232,120,5
232,31,9
232,127,5
232,118,3
232,64,6
232,8,2
232,92,5
232,140,5
232,145,1
233,84,6
233,33,4
233,1,1
233,15,3
234,121,2
234,83,4
234,27,10
234,73,2
234,52,5
234,123,3
235,109,2
235,74,9
235,56,4
235,89,6
235,26,5
235,110,9
235,18,3
236,130,7
236,135,6
236,127,7
236,148,6
236,115,6
236,5,1
237,114,10
237,44,2
237,52,3
237,142,10
237,23,10
237,129,4
238,108,4
238,13,3
238,99,4
238,53,1
239,56,5
239,120,1
239,69,9
239,25,9
239,81,1
239,40,2
239,84,6
239,122,9
239,42,8
239,129,8
239,63,9
239,124,3
239,134,5
239,50,6
239,66,6
240,122,7
240,63,3
240,142,8
240,143,9
240,52,1
240,106,2
240,61,4
240,62,3
240,60,10
241,58,10
242,140,2
242,81,2
242,137,3
242,139,9
242,41,7
242,148,5
243,137,1
243,125,9
244,118,6
244,15,2
244,91,1
244,135,9
245,79,9
245,27,4
245,77,9
245,142,2
245,87,5
246,138,10
246,45,2
246,20,7
246,143,2
246,6,3
246,76,6
247,44,9
247,147,8
247,2,7
247,99,6
247,4,10
247,63,6
247,110,4
247,30,9
247,21,3
247,76,1
247,9,4
247,128,8
247,79,5
247,125,10
247,68,4
247,86,10
247,10,3
247,7,8
247,111,4
247,61,1
247,138,10
247,28,7
247,146,4
247,148,1
247,132,8
248,137,4
248,93,6
248,26,3
248,110,9
248,7,10
248,135,5
248,76,7
249,112,2
249,108,4
249,42,4
249,70,1
249,113,7
249,59,9
249,79,5
250,80,4
250,44,5
250,13,3
250,116,7
250,149,7
250,31,1
250,137,6
250,114,3
250,27,5
250,119,1
250,125,8
250,70,7
250,55,6
250,103,1
250,83,7
251,42,7
251,64,2
251,100,8
251,129,5
251,143,2
251,62,3
252,96,6
252,56,5
252,146,4
252,145,6
252,122,6
252,132,8
252,89,8
252,33,4
252,141,9
253,6,4
253,100,6
253,66,7
253,95,9
253,90,8
253,112,10
253,105,9
254,77,2
254,59,2
254,102,3
255,73,9
255,89,9
255,141,2
255,18,9
255,41,6
255,139,2
256,67,1
256,51,2
256,14,2
256,48,4
256,22,9
257,78,3
257,147,7
258,88,7
259,130,9
259,9,4
259,3,6
260,130,3
260,94,6
260,98,4
260,149,4
260,93,7
260,23,9
260,33,6
260,88,4
261,93,9
261,9,1
262,79,7
262,47,3
262,46,3
263,64,10
263,1,8
263,140,6
263,102,9
263,24,2
263,17,6
263,124,2
263,89,5
263,60,6
264,107,2
264,124,2
264,21,9
264,28,3
265,22,6
265,76,8
266,65,7
266,84,6
266,60,5
266,10,3
266,18,1
266,1,9
266,144,2
267,8,1
267,89,3
267,18,1
267,143,6
267,6,1
268,131,9
268,64,2
268,128,1
268,83,7
268,107,4
268,25,8
268,75,9
268,50,1
268,112,4
269,23,1
269,82,4
269,139,2
269,30,2
269,24,3
269,136,2
269,50,10
269,120,7
270,147,5
271,33,9
271,60,4
271,124,8
271,24,8
271,105,8
271,25,1
272,137,8
272,49,5
272,141,4
272,149,6
272,50,6
272,97,2
272,24,6
272,108,3
272,79,8
272,15,7
272,140,8
272,40,3
272,126,3
272,22,6
272,124,7
272,77,1
272,115,6
272,125,10
272,99,2
272,66,2
272,94,4
272,131,3
272,6,2
272,63,5
272,17,7
273,93,6
273,131,5
273,63,4
274,128,4
274,115,7
274,76,4
274,16,7
274,31,7
275,75,4
275,20,5
275,116,7
275,43,10
275,109,4
276,103,10
276,114,5
277,9,8
277,129,8
277,64,1
277,30,10
277,113,3
278,94,1
278,27,4
278,87,8
279,4,5
280,88,2
280,138,10
280,115,3
280,22,5
280,51,6
280,48,5
280,113,5
280,105,10
280,57,6
280,42,10
280,124,9
280,84,4
280,122,3
280,24,6
280,139,6
280,133,4
280,71,1
280,140,10
280,46,3
280,6,8
280,30,8
280,129,10
280,101,7
280,75,3
280,126,8
281,31,7
281,93,2
281,135,10
281,113,9
281,118,8
281,140,7
281,136,9
281,134,4
281,139,9
281,69,5
281,97,2
281,121,5
281,109,8
281,101,2
281,26,3
282,125,10
282,138,10
282,19,6
282,145,7
283,14,9
283,141,10
283,116,8
283,8,10
283,67,8
283,7,6
283,56,6
283,140,5
284,21,6
284,80,1
284,19,2
284,146,9
284,49,2
284,16,1
284,43,10
284,139,8
284,135,3
284,83,3
284,96,1
284,149,10
284,12,8
284,109,8
284,13,2
284,143,3
284,18,9
284,70,1
284,130,8
284,99,5
284,121,7
284,140,6
284,132,3
284,123,4
284,137,7
285,130,2
285,81,8
285,25,5
285,72,5
285,2,2
285,51,1
285,23,3
285,104,2
286,96,8
286,93,4
287,115,6
287,140,9
287,5,6
287,31,3
287,148,1
287,106,9
287,114,9
287,66,9
287,122,1
287,117,1
287,16,10
287,19,9
287,81,8
287,112,2
287,42,3
288,120,7
288,148,5
288,3,4
288,86,2
288,127,9
288,142,10
289,99,3
289,106,9
289,55,7
289,134,8
289,83,8
289,26,8
289,93,1
290,1,3
290,15,2
290,133,2
290,48,7
291,49,8
292,5,9
292,98,5
292,61,7
292,110,2
292,9,10
293,128,6
293,26,3
294,120,8
294,68,3
294,115,8
295,70,6
295,26,3
295,138,1
295,128,1
295,123,6
295,111,9
295,20,10
295,142,8
295,83,9
296,47,10
296,59,6
297,105,9
297,84,7
297,83,6
297,26,5
297,116,9
297,80,1
297,135,9
297,130,8
297,4,1
297,118,5
297,71,10
297,77,7
297,138,3
297,140,3
297,121,6
297,78,2
297,5,6
297,148,1
297,23,10
297,90,3
297,115,10
297,127,9
297,100,10
297,81,10
297,15,6
298,103,7
298,42,8
298,132,7
298,4,7
298,59,3
298,117,10
298,12,3
299,64,4
299,27,7
299,110,3
299,14,3
299,30,3
299,122,3
299,87,5
299,33,3
299,69,6
299,95,9
299,26,2
299,137,10
299,58,1
299,97,5
299,53,6
300,91,10
300,113,9
300,49,2
301,131,8
301,45,6
301,114,1
302,11,9
302,117,5
302,137,2
302,146,8
302,62,3
303,1,1
303,2,7
304,61,9
304,91,6
304,46,2
304,70,7
304,88,7
304,67,2
304,126,4
304,76,3
304,93,3
305,90,5
305,140,3
305,52,4
305,110,2
305,85,1
305,95,8
306,149,2
306,134,5
306,53,2
306,16,9
306,13,7
306,93,6
306,28,5
306,80,5
306,58,2
306,118,8
306,10,4
306,52,7
306,135,1
306,31,5
306,42,8
306,79,3
306,43,2
306,2,10
306,132,6
306,44,1
306,91,3
306,114,9
306,100,8
306,33,7
306,4,6
307,98,8
308,110,8
308,15,7
308,121,4
308,61,7
308,93,9
308,7,6
308,147,5
309,7,10
309,97,5
309,84,2
309,72,9
309,80,2
310,18,9
310,25,7
310,148,2
310,53,8
310,11,5
310,107,2
310,45,9
310,20,10
310,143,3
311,85,2
311,55,7
311,106,4
312,66,10
312,80,3
312,49,4
312,33,3
312,42,7
312,115,7
313,30,8
313,55,3
313,135,1
313,133,7
313,11,4
313,112,7
313,33,7
314,64,4
314,113,5
314,23,3
314,83,2
314,129,5
314,86,6
314,70,3
314,16,7
314,90,8
315,18,4
315,72,6
315,95,7
315,43,3
315,93,6
315,125,1
315,27,7
316,124,1
316,134,2
316,59,3
316,121,3
316,95,1
316,26,4
316,13,2
316,91,10
316,135,4
316,30,6
316,10,9
316,28,9
316,27,9
316,130,9
316,23,8
317,73,7
317,111,3
317,84,2
317,101,4
318,84,4
318,42,9
319,3,1
319,75,8
320,89,9
320,6,10
320,77,7
320,12,3
320,110,4
320,57,1
320,135,4
321,43,9
321,140,3
321,98,9
321,41,3
321,108,2
321,15,5
321,91,4
322,82,6
322,124,7
322,76,5
322,6,7
322,98,5
322,145,4
322,28,6
322,21,9
323,141,9
323,30,5
324,105,2
324,40,1
324,104,3
324,121,3
324,78,7
324,144,5
324,148,8
324,25,7
324,62,6
325,128,5
325,91,8
325,134,6
325,67,2
325,120,4
325,24,9
325,2,2
325,124,6
325,126,3
326,107,2
326,128,6
326,149,7
326,53,7
327,73,10
327,40,7
327,81,8
327,44,8
327,106,5
327,68,8
327,128,8
328,95,2
328,85,6
328,125,8
328,2,8
328,94,6
328,60,2
328,57,8
328,49,3
329,18,9
329,15,7
329,105,3
329,117,7
329,135,2
329,78,9
329,64,8
329,12,9
329,4,8
329,74,10
329,99,10
329,106,1
329,123,1
329,124,9
329,114,8
329,23,2
329,93,9
329,90,2
329,13,2
329,132,2
329,67,3
329,115,9
329,144,1
329,141,4
329,148,5
330,133,1
330,7,8
330,79,2
330,134,8
330,66,10
330,127,8
331,89,3
331,107,4
331,72,2
332,133,5
332,27,5
332,41,8
332,15,9
333,17,9
333,106,3
333,30,4
334,130,1
334,28,4
334,57,8
334,43,6
334,70,1
334,112,6
334,105,9
334,144,4
335,18,1
335,16,10
335,23,2
335,116,6
335,6,4
335,30,2
335,79,3
336,55,8
336,19,5
336,9,7
336,42,7
336,148,5
337,49,9
337,110,8
337,76,7
337,90,3
337,57,1
337,84,5
337,148,3
337,134,6
337,81,9
338,69,2
338,149,6
338,98,7
338,28,1
338,74,3
338,85,2
339,50,4
339,87,4
339,121,8
339,88,6
339,95,5
339,140,3
340,134,8
340,81,4
340,18,2
340,102,4
340,17,8
340,27,9
340,77,1
340,143,7
341,20,10
341,141,2
341,134,3
341,16,2
341,44,10
341,143,10
341,48,2
341,116,10
342,17,4
342,75,8
342,61,4
342,70,3
342,140,3
343,143,6
343,126,6
344,120,3
344,70,2
344,118,7
344,68,5
344,84,8
344,148,5
344,127,8
344,79,10
345,76,4
345,102,5
345,80,6
345,135,1
345,57,7
345,140,1
345,19,9
345,90,5
345,23,2
346,120,5
346,65,5
346,8,3
346,68,6
346,86,9
346,27,8
346,30,3
347,62,4
347,87,8
347,130,7
347,127,6
347,78,8
348,111,3
348,148,1
348,126,5
348,48,2
348,100,2
348,9,6
348,98,5
348,99,5
349,1,10
349,97,4
349,31,5
349,129,6
349,102,8
349,23,1
349,111,1
349,98,7
349,140,1
349,51,3
349,110,9
349,59,1
349,119,6
349,11,5
349,104,8
350,136,10
351,52,8
351,121,2
351,42,10
351,30,4
351,9,10
351,91,2
351,129,8
351,141,9
351,31,7
351,73,3
351,72,7
351,143,6
351,86,4
351,56,6
351,75,3
352,108,3
352,102,1
352,33,8
352,9,10
352,6,9
352,118,1
352,50,9
352,25,10
352,71,2
352,80,8
352,104,7
352,27,8
352,126,3
352,81,8
352,58,4
352,128,10
352,60,6
352,66,7
352,149,2
352,141,2
352,146,7
352,77,10
352,109,1
352,63,2
352,103,6
353,128,7
353,125,5
353,144,4
353,48,8
353,20,9
353,65,9
353,130,2
353,146,5
353,120,1
353,108,5
353,145,9
353,89,9
353,47,3
353,68,10
353,57,10
354,114,5
354,78,10
354,133,9
355,119,9
355,12,1
355,21,5
355,86,3
355,87,7
355,42,7
355,133,4
355,3,10
356,16,8
356,41,7
356,146,9
356,28,8
357,42,3
358,52,1
358,57,2
358,99,8
359,99,3
359,113,8
359,100,7
359,16,9
359,83,2
359,111,8
359,81,7
359,145,6
359,84,9
360,67,10
360,15,4
360,21,4
361,146,3
361,124,8
361,137,1
361,57,8
362,145,10
362,88,3
362,77,5
362,109,8
362,8,4
362,122,7
362,12,6
363,144,3
363,109,9
363,92,9
363,98,5
363,22,8
363,77,2
363,132,7
363,106,2
363,129,7
364,53,2
364,125,9
364,49,5
365,26,4
365,58,3
365,111,6
365,98,5
366,103,4
366,138,3
366,125,10
367,141,6
367,146,7
367,77,8
367,117,5
367,54,9
368,59,10
368,9,3
368,139,9
368,77,6
368,120,4
368,22,7
368,89,10
368,134,8
368,69,8
368,112,4
368,76,10
368,88,9
368,57,7
368,121,2
368,51,6
369,18,7
369,145,5
369,128,2
369,42,4
369,6,4
369,30,5
370,72,4
370,121,1
371,42,3
371,67,6
371,108,6
371,50,1
371,126,6
371,24,7
371,53,5
372,10,4
372,81,6
372,116,6
372,147,9
372,137,7
373,71,3
373,21,9
373,40,7
373,145,5
373,19,4
373,60,2
373,115,2
373,106,5
373,61,4
373,124,6
373,116,10
373,139,6
373,31,6
373,133,4
373,16,9
374,95,3
374,101,5
375,115,10
376,116,7
376,58,6
376,143,8
376,74,10
376,92,2
377,61,8
377,135,10
377,69,9
378,27,3
378,87,2
378,123,1
378,96,1
378,145,6
378,104,1
378,20,9
379,125,9
379,14,6
379,146,6
379,94,3
379,134,3
379,55,8
379,5,2
379,33,7
379,21,9
380,148,9
380,45,10
380,72,7
380,8,9
380,63,3
380,92,1
380,124,5
380,81,7
381,50,4
381,129,8
381,94,1
381,40,3
381,108,1
381,75,3
381,54,3
381,149,10
381,128,10
381,45,3
381,79,8
381,91,9
381,102,2
381,103,8
381,146,9
381,24,9
381,59,7
381,27,5
381,19,5
381,96,9
381,57,7
381,41,2
381,8,9
381,125,4
381,122,9
382,90,5
382,144,5
382,60,1
382,113,10
382,111,9
382,26,2
382,45,9
382,102,6
382,7,7
383,59,2
383,132,5
383,120,2
383,63,5
384,124,4
384,143,9
384,109,4
385,141,1
385,40,4
385,94,10
385,60,9
385,58,6
385,7,7
385,74,1
385,98,4
386,113,1
386,6,10
387,63,7
387,55,5
387,94,1
387,68,5
387,122,5
387,131,7
387,92,8
387,6,3
387,61,3
388,131,10
388,102,9
388,60,3
388,147,8
388,68,4
388,66,3
389,90,10
389,145,7
389,42,6
389,14,5
389,125,9
389,58,3
389,103,3
389,33,9
389,75,1
389,106,3
389,40,10
389,50,1
389,119,4
389,17,4
389,87,3
390,7,4
390,17,5
390,47,7
390,100,2
390,21,9
391,113,6
391,95,2
392,98,1
392,12,5
392,149,5
392,137,7
392,88,9
392,130,2
392,31,4
392,110,1
392,54,3
393,133,2
393,42,2
394,50,10
394,127,8
394,3,8
394,122,4
394,133,5
394,56,9
394,92,6
394,129,6
395,41,3
395,77,2
395,117,4
395,45,7
395,11,2
395,64,6
395,90,7
395,51,6
395,28,4
395,19,3
395,144,3
395,93,9
395,112,9
395,57,4
395,42,2
396,94,5
396,83,2
397,58,9
397,62,6
397,131,4
397,145,4
397,105,2
397,89,7
397,93,3
397,87,6
397,102,3
397,72,10
397,67,7
397,99,9
397,111,3
397,113,6
397,24,2
397,48,2
397,44,1
397,56,3
397,47,7
397,149,9
397,119,8
397,18,5
397,9,2
397,118,1
397,1,4
398,45,6
398,119,3
398,26,3
398,16,3
398,88,3
398,41,8
398,84,2
398,58,5
399,24,10
399,146,9
399,80,3
399,60,7
399,105,3
399,98,5
399,54,3
400,123,10
400,78,3
400,10,7
400,149,7
400,8,1
400,6,9
400,115,8
400,3,10
400,26,3
400,121,2
400,104,1
400,44,7
400,73,1
400,17,8
400,53,2
400,47,6
400,81,2
400,51,5
400,64,2
400,97,3
400,22,10
400,16,3
400,118,9
400,145,4
400,89,8
401,22,5
401,40,1
401,26,7
401,79,1
401,97,4
401,124,3
401,9,8
401,51,7
402,95,8
402,99,8
402,2,1
402,22,5
402,53,7
402,68,7
402,129,6
402,5,7
402,52,10
403,142,9
403,123,5
403,83,5
403,135,6
403,137,4
403,144,8
403,80,7
403,134,9
403,99,2
403,125,10
403,120,1
403,119,8
403,101,7
403,9,6
403,94,3
403,11,6
403,25,5
403,2,5
403,89,9
403,138,7
403,106,1
403,70,2
403,71,8
403,60,9
403,31,3
404,102,4
404,132,9
404,16,5
404,49,8
404,136,5
404,63,6
404,41,3
404,19,9
405,52,9
406,106,1
407,113,7
407,79,1
407,94,1
407,149,3
407,105,8
408,74,6
408,83,8
408,140,1
408,41,9
408,47,3
408,88,3
408,118,1
409,93,9
409,5,5
409,128,10
409,20,7
409,40,7
409,75,7
409,14,9
409,122,9
409,113,3
409,43,5
409,25,10
409,49,8
409,140,5
409,13,5
409,51,2
409,87,9
409,84,10
409,74,2
409,135,5
409,68,4
409,4,9
409,107,7
409,103,6
409,121,2
409,9,4
410,80,9
410,132,9
410,47,6
411,41,1
412,83,8
412,111,7
412,24,7
412,96,2
412,142,9
412,72,6
412,43,7
412,59,4
412,143,1
412,15,9
412,99,5
412,79,7
412,132,7
412,80,7
412,126,1
412,68,10
412,81,6
412,6,6
412,88,3
412,98,1
412,147,9
412,112,7
412,77,10
412,4,8
412,114,3
413,16,9
413,8,3
414,2,4
415,19,2
415,95,7
415,57,8
415,21,6
415,30,5
415,47,3
415,130,1
415,23,7
415,41,2
416,8,4
416,145,10
416,100,1
416,60,4
416,30,5
416,58,7
416,105,9
416,141,3
417,109,7
417,71,6
417,14,6
417,26,3
417,137,1
417,122,3
418,50,6
418,41,1
418,14,9
418,102,6
418,110,10
418,103,6
418,97,10
418,129,1
418,9,9
418,109,8
418,90,4
418,137,1
418,76,5
418,144,10
418,118,9
419,30,4
419,147,3
420,27,4
420,114,7
420,104,4
420,53,3
421,147,9
421,141,9
421,58,2
421,22,7
421,124,1
421,103,1
421,31,6
421,130,2
422,16,4
422,79,5
422,33,4
422,103,2
423,75,4
424,62,1
425,15,9
425,112,2
425,122,4
425,2,8
425,126,8
425,89,2
425,16,10
425,49,1
425,94,9
425,17,10
425,108,4
425,127,2
425,97,10
425,13,9
425,69,7
425,62,6
425,50,9
425,92,10
425,129,5
425,100,6
425,131,6
425,117,10
425,90,2
425,109,5
425,78,7
426,57,7
426,26,10
426,10,5
426,149,3
426,131,3
426,94,4
426,96,2
426,100,3
426,44,7
426,84,6
426,85,1
426,60,8
426,107,3
426,87,10
426,70,9
426,43,2
426,53,3
426,40,6
426,79,9
426,41,6
426,106,3
426,140,5
426,93,5
426,112,10
426,58,6
427,9,5
427,131,7
427,26,6
427,128,3
428,113,3
428,90,6
428,57,3
429,126,4
429,127,3
429,71,2
429,94,2
430,148,6
430,89,7
430,26,7
430,94,9
430,93,9
430,106,6
430,129,6
430,109,1
430,86,6
430,113,7
430,62,8
430,123,8
430,25,7
430,64,4
430,124,3
431,26,6
431,108,8
432,140,8
432,111,4
432,125,4
432,61,6
432,144,1
432,22,5
432,89,10
432,70,9
432,53,9
433,26,4
433,80,2
433,95,7
434,136,3
434,16,9
434,68,6
435,15,1
436,83,10
436,14,3
436,45,6
436,19,2
436,63,7
436,15,10
436,136,1
436,97,4
436,88,8
436,138,2
436,70,9
436,27,5
436,43,2
436,31,8
436,11,3
437,53,9
437,6,2
437,131,10
437,20,6
437,99,7
437,94,6
437,27,3
437,122,3
437,83,1
438,55,8
438,46,4
438,99,8
438,87,3
438,65,2
438,133,9
439,5,7
439,113,2
439,57,7
440,10,7
440,140,1
440,17,8
440,99,2
440,114,3
440,108,10
440,122,3
440,56,2
440,103,2
441,146,6
441,67,5
441,103,7
441,84,10
442,77,8
442,24,8
442,141,10
442,46,9
442,30,8
442,20,5
442,118,2
442,129,2
442,6,5
442,4,8
442,60,10
442,93,4
442,16,10
442,55,5
442,3,4
442,8,6
442,145,8
442,125,1
442,94,7
442,138,8
442,123,3
442,49,10
442,98,5
442,22,1
442,26,9
443,59,10
443,73,3
443,21,7
443,28,6
443,113,4
444,46,5
444,9,3
444,44,6
445,28,5
446,78,9
446,6,9
446,85,5
446,42,1
446,81,9
446,26,4
446,59,8
447,94,6
447,50,10
447,13,3
447,48,5
447,67,7
447,129,1
447,25,10
447,88,9
447,135,7
447,137,4
447,78,7
447,144,7
447,6,5
447,125,8
447,141,7
447,130,1
447,40,4
447,92,4
447,12,8
447,109,8
447,119,8
447,77,2
447,43,9
447,132,2
447,117,6
448,75,6
448,40,2
448,81,4
448,76,6
448,110,2
448,115,9
448,101,4
449,40,9
449,144,10
449,105,1
449,108,6
449,61,2
449,129,6
449,4,3
450,116,8
450,101,1
450,14,6
450,128,2
450,71,5
450,9,6
450,114,4
450,120,6
450,28,4
450,90,6
450,6,4
450,5,8
450,123,6
450,93,8
450,41,7
450,59,3
450,53,7
450,124,2
450,3,8
450,62,8
450,20,2
450,18,7
450,104,1
450,112,5
450,66,3
451,106,1
451,6,7
451,61,3
452,99,6
452,45,8
453,132,2
453,46,2
453,83,8
453,45,3
453,44,4
453,76,1
453,73,4
453,18,3
453,68,1
453,50,7
453,118,2
453,143,10
453,104,4
453,4,7
453,71,2
453,91,2
453,22,4
453,116,7
453,88,7
453,60,10
453,136,6
453,63,8
453,81,3
453,129,8
453,56,1
454,58,10
454,134,9
454,103,2
454,12,8
454,27,2
454,86,5
454,48,8
454,45,10
454,14,6
455,115,2
455,97,2
455,49,7
455,7,1
455,59,3
455,123,8
455,61,2
455,131,5
456,21,8
456,115,10
456,26,6
456,61,1
456,134,3
456,7,1
456,23,4
457,52,6
457,111,10
458,42,6
458,76,6
458,23,8
458,122,5
458,6,3
458,147,5
458,132,10
458,47,7
458,127,6
458,115,5
458,44,9
458,145,7
458,98,1
458,112,1
458,65,10
458,43,3
458,88,7
458,89,2
458,21,9
458,51,6
458,81,5
458,87,8
458,143,6
458,90,9
458,5,9
459,62,7
459,50,8
459,77,2
459,46,1
459,113,3
459,9,5
459,31,9
460,26,10
460,134,3
460,6,9
460,131,4
461,121,7
461,61,3
462,3,7
462,10,7
462,134,9
462,126,5
462,47,2
463,80,3
463,72,1
463,127,10
463,140,8
464,6,5
464,132,8
464,3,5
464,66,3
464,25,3
464,24,7
464,5,3
464,103,1
464,47,10
465,98,8
465,105,9
465,117,1
465,125,10
465,94,2
465,93,4
465,78,2
465,52,4
465,65,3
465,126,9
465,25,10
465,4,4
465,57,2
465,118,3
465,96,1
465,102,3
465,8,4
465,49,1
465,62,5
465,143,4
465,97,8
465,90,9
465,63,4
465,21,7
465,6,10
466,78,6
466,7,6
466,146,1
466,73,2
466,45,3
466,140,5
467,54,7
467,48,6
467,142,2
467,6,5
467,146,10
467,119,6
468,118,3
468,22,3
468,92,4
468,46,2
468,84,6
468,99,4
468,59,3
468,83,1
469,62,9
469,14,4
469,143,5
469,42,7
470,49,10
470,144,3
470,137,5
470,122,5
470,149,8
471,20,6
471,93,10
471,74,1
471,87,9
471,105,8
471,10,2
471,28,2
471,64,1
471,59,1
471,102,6
471,108,5
471,4,5
471,126,6
471,140,2
471,94,4
471,17,2
471,119,1
471,42,3
471,77,7
471,147,2
471,9,1
471,82,4
471,106,7
471,78,3
471,99,3
472,64,10
472,58,10
473,91,6
473,79,9
473,146,6
473,112,5
473,136,9
473,42,10
473,31,7
473,98,10
473,139,1
474,21,10
474,49,5
475,88,5
475,41,9
475,31,7
476,118,4
476,146,6
476,49,6
476,128,1
476,117,10
476,116,6
476,12,6
476,130,3
476,74,6
476,108,1
476,18,7
476,135,10
476,145,2
476,115,4
476,94,7
476,98,2
476,69,4
476,143,1
476,88,4
476,114,10
476,63,9
476,25,1
476,111,10
476,127,10
476,68,8
477,11,6
477,23,1
477,59,1
478,5,9
478,117,1
478,61,2
479,91,6
479,125,4
479,114,2
479,57,6
479,22,7
479,73,7
480,43,8
481,148,4
481,114,4
481,102,2
481,98,1
481,45,10
481,105,5
481,89,2
482,62,8
482,92,2
482,11,10
483,10,9
483,144,2
483,138,4
483,77,9
483,40,10
483,108,3
483,83,3
484,115,6
484,16,5
484,2,9
484,41,4
484,118,4
484,137,5
484,105,7
484,7,8
484,69,8
485,12,9
485,65,7
485,129,4
485,149,10
485,125,2
485,121,1
486,21,6
486,110,3
486,143,6
486,141,7
486,137,5
486,84,3
486,128,4
486,17,3
486,109,4
486,1,7
486,61,9
486,28,5
486,83,4
486,85,7
486,78,9
487,68,6
487,110,1
487,66,1
488,53,7
488,67,9
488,61,10
488,140,2
488,59,7
488,20,1
488,60,7
488,10,5
488,87,2
488,73,8
488,78,6
488,74,7
488,97,5
488,45,9
488,22,10
489,87,9
489,92,9
489,113,5
489,130,5
489,80,9
490,13,9
490,60,5
490,20,5
490,7,4
490,124,4
490,53,3
490,82,5
490,66,9
490,41,7
490,142,8
490,78,1
490,88,10
490,31,4
490,79,5
490,110,7
490,14,1
490,143,7
490,9,3
490,45,1
490,85,4
490,51,10
490,134,2
490,101,10
490,129,10
490,130,7
491,105,10
491,143,6
491,115,7
492,135,5
492,143,3
492,2,5
492,142,9
492,79,9
492,95,2
492,105,2
492,3,5
492,85,4
492,61,3
492,91,9
492,82,10
492,6,9
492,111,4
492,102,4
493,111,2
493,90,2
493,2,5
493,93,6
493,15,7
493,19,4
493,41,6
494,76,4
494,92,7
494,2,1
494,125,10
494,116,5
494,135,4
494,75,10
494,110,7
494,84,7
495,28,2
495,110,6
495,116,2
495,82,3
495,54,1
495,87,8
495,114,3
495,96,5
495,67,10
495,2,6
495,70,6
495,109,1
495,8,9
495,60,1
495,24,9
495,129,9
495,80,10
495,22,7
495,94,5
495,89,6
495,120,2
495,111,10
495,3,2
495,43,6
495,97,9
496,59,6
496,13,4
496,17,5
496,118,9
496,78,10
496,133,5
496,96,4
497,101,3
497,46,10
497,149,6
497,19,7
497,43,7
497,113,4
497,13,10
498,53,4
498,110,3
498,95,2
499,65,5
499,41,2
499,125,7
499,24,7
499,94,5
500,20,3
500,64,4
500,40,2
500,14,7
501,60,5
501,83,8
501,138,2
501,47,1
501,114,6
501,65,9
501,53,4
501,57,1
501,42,4
502,144,2
502,124,4
502,57,6
503,141,7
504,141,6
504,103,8
504,42,8
504,60,8
504,79,2
504,67,1
504,9,8
504,33,6
505,21,5
505,45,8
505,143,2
505,149,7
505,78,5
505,117,7
505,96,8
506,22,8
506,80,9
506,19,1
507,88,8
507,25,10
507,123,6
507,124,1
507,62,2
507,20,4
507,12,3
507,122,6
508,94,3
508,147,1
508,108,4
508,144,10
508,45,9
508,90,1
508,41,1
508,107,10
508,79,1
508,88,10
508,49,1
508,135,3
508,113,10
508,7,8
508,85,9
508,148,5
508,15,2
508,130,10
508,70,1
508,55,9
508,95,8
508,109,5
508,26,2
508,141,5
508,47,5
509,114,1
509,110,5
510,72,5
510,43,8
510,148,1
510,11,1
510,116,7
510,105,3
510,51,3
510,71,3
510,21,8
510,115,9
510,83,10
510,145,5
510,82,1
510,87,9
510,118,2
510,121,3
510,108,4
510,89,3
510,41,5
510,100,3
510,25,9
510,80,8
510,91,2
510,9,2
510,96,8
511,9,3
511,76,10
511,61,3
511,92,3
511,62,9
511,8,7
511,121,4
511,58,7
512,14,1
512,131,6
512,106,9
512,60,4
512,139,5
512,11,7
512,117,9
512,66,1
512,6,7
512,79,6
512,31,10
512,88,10
512,98,9
512,142,1
512,17,5
512,59,5
512,123,7
512,99,6
512,49,10
512,28,2
512,24,2
512,70,9
512,19,1
512,62,7
512,128,1
513,18,6
513,90,7
513,101,3
513,55,6
513,133,10
513,96,1
514,131,3
514,124,9
514,53,2
514,78,10
514,76,6
514,136,3
515,86,6
515,137,7
516,146,7
516,85,8
516,81,4
516,14,5
516,30,1
517,52,9
517,141,5
517,2,4
517,30,7
517,148,3
517,16,8
518,3,3
518,72,7
518,33,7
519,49,1
519,58,5
520,54,7
520,131,4
521,48,6
521,52,8
522,55,3
522,140,7
522,6,4
523,128,3
523,146,1
523,139,8
524,100,1
524,77,1
524,14,1
524,127,6
524,46,10
524,68,10
524,56,9
524,23,5
524,11,4
524,7,2
524,89,4
524,33,8
524,21,8
524,126,6
524,17,7
525,19,1
525,100,8
525,117,9
525,92,7
525,123,8
525,84,2
525,144,9
525,91,2
525,7,6
525,78,4
525,94,9
525,135,6
525,17,9
525,112,1
525,106,2
525,115,7
525,26,6
525,98,8
525,49,5
525,51,8
525,73,10
525,83,6
525,53,6
525,121,6
525,127,3
526,82,9
526,54,1
526,130,5
526,141,9
527,51,10
527,90,4
527,97,4
527,129,7
527,123,10
527,55,7
527,33,10
527,115,1
527,126,9
527,133,6
527,57,6
527,72,7
527,1,4
527,137,6
527,87,6
528,129,8
528,16,1
528,89,6
528,55,1
528,41,3
528,99,8
528,95,5
528,74,6
528,48,8
528,44,4
528,149,6
528,139,2
528,113,8
528,137,9
528,117,4
529,128,4
529,136,7
529,149,6
529,110,6
530,61,3
530,57,5
530,111,5
530,92,8
530,147,8
530,7,3
530,107,10
530,46,7
530,131,10
530,17,6
530,74,6
530,123,7
530,75,1
530,63,5
530,68,9
530,47,4
530,18,4
530,14,5
530,133,6
530,31,9
530,13,4
530,15,7
530,42,10
530,66,7
530,12,4
531,133,2
531,79,6
531,56,5
531,55,10
531,121,10
531,91,5
531,69,8
531,94,4
531,76,5
532,7,6
532,51,7
532,41,1
533,61,9
533,107,5
533,139,3
533,26,4
534,117,9
535,144,2
535,88,2
535,120,6
535,134,5
535,18,8
535,139,5
535,131,10
536,118,6
536,66,5
536,107,6
536,19,8
536,13,1
536,117,3
536,142,9
536,51,1
536,133,9
536,132,5
536,83,6
536,41,5
536,22,8
536,144,10
536,104,4
536,101,5
536,57,2
536,137,2
536,24,4
536,2,10
536,125,4
536,130,6
536,85,8
536,148,5
536,93,8
537,123,4
537,133,1
537,131,1
537,87,4
537,142,3
537,23,7
537,79,7
537,55,10
537,90,3
538,95,3
538,6,7
538,78,9
538,56,6
538,117,9
538,79,1
538,45,7
538,140,6
539,99,10
540,33,2
540,106,3
540,102,9
540,51,8
540,111,5
540,127,10
541,72,2
541,136,3
541,57,5
541,4,1
541,7,9
541,111,7
541,79,10
541,77,8
541,81,6
541,43,6
541,87,3
541,140,1
541,45,10
541,17,10
541,16,4
541,133,4
541,115,6
541,88,3
541,80,3
541,103,5
541,129,3
541,59,3
541,60,4
541,108,5
541,65,3
542,87,10
542,2,6
542,6,9
542,58,3
542,18,3
542,102,8
542,77,5
542,114,5
542,14,8
543,45,2
543,98,1
543,94,6
543,138,3
543,140,2
543,54,10
543,131,4
543,99,7
543,48,7
543,57,9
543,88,2
543,114,3
543,89,10
543,58,1
543,49,9
544,49,1
544,121,5
545,141,7
545,28,10
545,77,9
545,84,10
545,52,10
545,40,2
545,114,10
545,99,6
546,94,5
546,54,2
546,90,1
546,52,8
546,7,8
546,132,3
547,94,5
547,103,4
547,135,5
547,28,6
548,3,2
548,148,10
548,20,1
548,57,6
548,109,3
548,63,6
548,33,6
548,126,3
548,52,3
549,89,1
549,25,6
549,144,5
549,94,8
549,26,5
549,132,6
549,119,5
550,139,5
550,74,3
550,47,6
551,134,8
551,149,4
551,80,4
552,26,3
552,78,2
552,130,10
552,42,3
552,18,1
552,120,2
552,10,9
552,3,3
552,77,7
552,123,7
552,73,9
552,140,9
552,16,5
552,2,4
552,45,3
553,92,6
553,112,3
553,12,4
553,108,1
553,6,9
553,97,5
553,133,8
553,126,7
553,15,6
553,46,9
553,132,9
553,50,5
553,41,1
553,17,8
553,113,7
554,64,2
554,89,2
555,27,2
555,116,3
555,142,7
555,79,7
555,64,6
555,106,8
555,30,9
555,74,10
555,115,10
556,133,6
556,148,2
557,118,2
557,142,4
557,93,6
557,94,7
557,16,5
557,25,6
557,111,10
557,115,1
557,75,5
558,8,5
558,138,6
558,54,4
558,43,8
558,16,2
558,130,9
558,149,7
558,19,8
558,131,9
558,12,9
558,105,7
558,67,8
558,46,8
558,112,9
558,72,9
558,14,10
558,45,4
558,10,7
558,133,8
558,18,8
558,95,8
558,56,6
558,15,7
558,53,3
558,144,1
559,108,9
559,56,8
559,44,2
559,79,2
559,16,8
560,82,6
560,9,3
561,79,7
561,20,9
561,134,5
561,83,1
561,103,10
561,76,1
562,71,8
562,55,1
562,74,8
562,117,8
562,144,8
562,12,7
562,96,7
562,16,5
562,130,6
563,141,4
563,10,4
563,53,6
564,27,6
564,134,1
564,126,4
564,119,8
564,23,1
564,77,9
564,101,8
564,143,7
565,104,1
566,63,7
566,146,8
566,101,9
566,132,9
566,48,4
566,55,4
566,92,4
567,12,3
567,107,9
567,14,5
567,103,2
567,50,10
567,99,3
567,93,9
568,95,9
569,49,10
569,85,3
569,77,7
569,137,2
569,140,2
569,42,8
570,106,3
570,123,4
570,82,2
570,83,10
570,87,10
570,80,3
570,135,8
570,3,5
570,23,10
570,78,4
570,81,5
570,22,5
570,86,5
570,136,4
570,97,5
571,72,5
571,55,5
571,13,7
571,40,10
571,79,10
571,131,7
572,124,5
572,101,8
572,51,7
573,136,6
573,115,1
573,53,9
573,25,2
573,48,10
573,54,1
573,129,4
573,109,2
573,144,9
574,12,7
574,124,4
574,19,3
574,31,10
575,132,1
575,40,2
575,52,1
575,101,8
576,125,10
576,64,6
576,131,4
576,84,5
576,30,9
576,99,2
576,90,1
577,95,6
577,96,5
577,141,8
577,122,7
578,31,10
578,118,5
578,117,10
578,82,4
578,76,6
578,130,2
578,48,4
578,19,5
578,17,2
578,74,1
578,30,4
578,3,1
578,101,1
578,100,10
578,28,3
578,2,8
578,105,1
578,16,10
578,11,1
578,90,6
578,61,7
578,91,2
578,43,8
578,84,3
578,129,4
579,121,7
579,95,3
579,56,3
579,49,4
579,81,7
579,9,8
579,106,5
579,22,1
579,59,6
579,66,10
579,69,2
579,13,7
579,123,4
579,10,10
579,148,7
580,41,3
580,20,2
580,1,2
580,63,8
580,13,4
580,130,5
580,21,10
580,7,4
581,140,8
581,119,5
582,110,7
582,16,8
582,84,2
582,109,4
582,90,7
582,130,9
582,93,4
582,81,5
582,9,7
582,148,6
582,48,1
582,15,9
582,56,8
582,53,3
582,135,5
582,14,9
582,101,6
582,72,6
582,87,4
582,89,10
582,142,3
582,7,5
582,11,9
582,122,3
582,71,8
583,1,8
583,128,8
583,140,8
583,98,4
583,15,10
583,104,5
583,52,7
583,102,5
583,101,1
584,110,10
584,20,5
584,6,2
584,83,1
584,66,4
584,12,6
584,7,2
584,69,7
585,68,3
585,58,1
586,124,7
586,68,1
586,139,7
586,22,9
586,76,4
586,10,6
586,19,3
586,31,9
587,64,8
588,2,2
588,40,8
588,48,9
588,11,4
588,46,1
589,149,5
589,11,10
589,15,8
589,90,2
589,87,6
590,106,4
590,116,2
590,46,9
590,94,3
590,2,8
590,112,9
590,28,5
590,132,3
590,6,4
590,118,1
590,14,3
590,64,9
590,131,1
590,69,5
590,149,7
591,62,4
591,146,9
591,15,9
591,110,7
591,42,4
591,115,2
591,97,7
591,51,5
591,83,8
592,104,7
593,2,6
593,97,9
593,74,3
593,4,7
593,60,3
593,50,7
593,16,6
593,90,4
593,130,4
594,139,2
594,140,5
594,124,2
594,105,7
594,78,2
594,19,9
595,97,9
596,128,6
596,113,9
597,44,5
597,31,4
597,107,7
597,136,10
598,60,8
598,84,7
598,30,6
598,10,8
598,56,4
599,147,1
599,6,5
599,113,10
599,63,1
600,95,2
600,109,3
600,141,2
600,84,9
600,99,10
600,85,1
600,45,9
600,148,8
600,8,7
600,107,5
600,31,4
600,140,3
600,86,3
600,126,9
600,27,2
600,94,5
600,80,10
600,92,8
600,97,3
600,98,1
600,40,9
600,93,4
600,72,1
600,58,5
600,149,8
601,96,3
601,67,5
602,65,3
602,78,8
602,24,2
602,53,8
602,95,2
602,134,9
602,104,3
602,63,10
603,25,1
603,5,4
603,127,10
603,64,2
603,1,7
603,55,6
603,102,3
603,72,3
604,70,2
604,31,8
604,2,6
604,137,3
604,10,1
604,63,9
604,128,8
604,123,2
605,4,7
606,82,10
606,2,10
606,11,7
606,83,6
606,106,7
606,91,8
607,96,6
607,115,1
607,142,8
607,47,10
607,138,1
608,44,2
608,71,10
608,25,3
608,133,1
608,111,1
608,1,8
608,72,9
608,122,3
608,16,9
609,11,6
609,103,7
609,12,8
609,124,1
610,52,8
610,71,10
610,137,10
610,95,3
610,110,1
611,53,1
611,145,4
611,107,3
611,87,6
612,15,10
612,73,4
612,28,2
612,68,1
612,46,4
612,77,2
612,43,3
612,48,2
613,5,1
614,101,3
614,131,1
614,11,7
615,73,10
615,45,1
615,89,2
615,142,3
615,78,8
615,10,6
616,81,2
616,109,7
616,22,1
616,72,9
616,27,4
616,90,10
616,69,10
616,80,1
616,143,8
616,121,9
616,94,4
616,123,5
616,84,1
616,117,9
616,75,10
616,10,6
616,1,10
616,31,2
616,70,7
616,65,9
616,28,4
616,46,9
616,66,10
616,83,3
616,78,8
617,144,2
617,1,3
617,53,5
617,57,8
617,79,10
617,49,10
617,86,9
617,147,1
617,21,8
617,70,9
617,5,10
617,90,1
617,131,10
617,47,8
617,130,2
618,149,5
618,73,3
618,94,1
618,56,10
619,26,2
620,84,10
620,120,8
620,7,8
620,49,1
620,85,1
621,133,1
621,96,2
621,5,5
621,113,4
621,63,4
621,20,9
621,16,10
622,100,2
622,120,5
622,25,3
622,53,4
622,73,8
622,116,3
622,28,7
622,78,3
623,130,7
623,89,7
623,50,6
623,61,2
624,8,2
624,16,4
624,44,3
624,100,6
625,6,7
625,74,9
625,56,8
625,144,2
625,131,9
625,128,3
626,136,9
626,18,4
626,57,9
626,71,1
626,89,4
626,67,5
626,20,4
626,113,2
626,75,7
626,15,2
626,54,4
626,58,7
626,92,10
626,94,3
626,24,8
626,106,8
626,14,2
626,129,10
626,47,10
626,101,8
626,98,2
626,63,7
626,65,9
626,135,3
626,86,10
627,8,8
627,58,2
627,149,5
627,138,1
628,14,9
628,134,10
629,56,2
629,126,1
629,43,2
629,16,6
629,49,5
629,134,5
629,62,9
629,42,2
629,73,4
629,121,10
629,61,5
629,106,6
629,122,4
629,51,9
629,102,2
629,4,5
629,117,4
629,118,6
629,54,1
629,110,8
629,31,9
629,111,8
629,132,7
629,103,1
629,149,10
630,10,1
630,139,10
630,116,8
630,58,2
630,103,9
630,85,4
630,55,3
631,33,9
631,143,1
631,78,5
631,135,4
632,111,1
632,100,2
632,133,2
632,4,5
632,54,5
633,136,9
633,10,1
633,67,1
633,126,4
633,83,3
633,4,10
633,62,10
634,17,2
634,52,1
634,69,3
634,56,9
634,123,2
634,85,3
634,111,5
635,125,6
635,140,10
636,123,10
636,107,7
636,21,6
636,131,1
636,148,4
636,102,8
637,69,9
637,30,1
637,27,3
637,13,6
637,116,8
637,111,10
637,40,7
638,7,9
638,1,6
638,96,4
638,80,8
639,28,8
639,8,6
639,138,4
639,136,3
639,85,5
639,58,9
639,30,8
639,143,2
639,109,9
639,24,5
639,134,1
639,75,5
639,117,7
639,108,8
639,54,9
639,6,6
639,60,6
639,104,7
639,68,10
639,31,6
639,135,7
639,66,6
639,101,4
639,137,5
639,14,7
640,55,7
640,27,7
640,82,3
640,101,6
640,109,7
640,28,8
640,21,4
640,26,7
640,110,6
640,92,9
640,143,4
640,45,10
640,5,3
640,42,10
640,2,8
640,138,5
640,135,6
640,48,8
640,44,5
640,102,8
640,53,7
640,56,7
640,132,2
640,75,5
640,130,1
641,53,5
641,115,8
641,41,7
641,48,10
641,149,7
641,145,7
642,134,9
642,117,3
642,2,8
642,70,2
642,75,2
642,27,9
643,77,2
643,1,6
644,148,7
644,66,4
644,133,8
644,22,7
644,120,3
644,85,2
644,123,6
645,50,9
645,26,8
646,108,1
646,12,1
646,48,6
646,105,9
646,145,10
646,78,2
646,31,9
647,106,6
647,27,9
647,44,2
647,1,6
647,128,3
647,76,7
647,101,1
648,89,10
648,59,6
649,75,8
649,63,3
649,67,8
649,33,3
649,58,3
649,99,5
649,24,6
650,25,4
650,21,6
650,122,3
650,47,6
650,110,10
650,49,2
651,115,5
651,44,6
651,100,7
651,64,1
651,67,9
651,30,3
651,53,9
651,28,5
652,102,2
652,145,7
652,61,1
652,89,4
652,126,10
652,11,3
652,33,8
653,4,2
653,33,2
653,67,1
653,20,3
653,124,2
653,44,7
653,86,8
653,71,5
653,64,3
653,50,5
653,17,9
653,9,2
653,28,6
653,87,9
653,46,4
653,48,3
653,132,7
653,75,7
653,144,8
653,126,7
653,74,2
653,81,9
653,14,10
653,56,1
653,65,6
654,139,8
654,143,8
654,129,6
654,25,1
655,84,9
655,49,6
655,141,9
655,102,6
656,2,8
656,128,8
657,94,2
658,45,5
659,67,1
659,110,1
660,124,1
660,26,5
660,3,10
661,68,6
661,110,6
661,79,3
662,84,5
663,131,7
663,93,1
663,62,7
663,68,10
663,110,3
664,118,8
664,79,4
665,149,7
665,60,8
665,133,4
665,24,5
665,25,4
665,98,3
665,136,1
665,130,2
666,41,9
666,23,4
667,31,10
667,73,8
667,144,4
667,97,5
667,118,8
668,45,2
668,108,4
668,123,1
668,88,8
668,135,9
668,93,4
668,110,4
668,137,9
668,118,4
668,140,5
668,3,4
668,7,10
668,99,3
668,106,6
668,142,2
669,108,3
670,88,5
670,117,3
670,109,6
670,17,5
670,65,3
670,6,1
670,23,2
670,22,2
671,87,7
671,145,5
671,49,8
671,132,4
671,138,6
671,19,5
671,10,7
671,72,5
672,126,2
672,64,6
672,10,7
672,54,8
672,31,6
672,62,3
672,27,7
672,68,9
673,134,5
673,149,2
673,60,9
674,128,8
674,65,3
674,30,10
674,25,9
674,58,4
674,139,3
674,120,5
674,10,3
675,96,2
675,136,8
675,85,10
676,33,8
676,23,7
676,76,5
676,101,3
676,7,4
676,16,6
676,96,6
676,131,9
676,4,5
676,106,3
676,1,8
676,47,6
676,85,1
676,75,7
676,9,2
677,113,4
677,51,7
677,81,3
677,46,5
677,115,6
677,135,10
677,22,7
677,106,5
677,97,2
677,50,9
677,122,9
677,25,7
677,105,2
677,116,4
677,114,1
677,87,5
677,82,5
677,141,5
677,148,2
677,73,10
677,52,2
677,126,3
677,143,10
677,43,6
677,121,10
678,115,4
678,55,2
678,125,1
678,117,10
678,68,6
678,104,8
678,15,2
678,111,9
678,93,7
678,5,5
678,2,5
678,144,6
678,45,8
678,134,7
678,83,10
678,143,3
678,24,6
678,119,3
678,149,2
678,40,4
678,124,4
678,17,8
678,132,9
678,70,7
678,8,2
679,108,10
679,86,5
679,142,3
679,47,8
679,104,9
679,14,3
679,76,7
679,1,10
680,62,8
680,11,8
680,48,2
680,91,8
681,142,4
681,87,2
681,126,5
681,12,8
681,109,1
681,4,1
681,60,8
681,84,6
682,117,1
682,8,3
682,14,4
682,112,3
682,71,2
683,8,1
683,53,5
683,7,4
684,140,7
684,146,4
684,44,1
684,79,10
684,24,6
684,63,3
684,55,6
685,28,4
685,124,1
685,74,2
685,146,2
686,53,3
686,1,9
686,17,2
686,7,5
686,129,5
686,33,10
686,98,3
687,129,9
687,143,10
687,134,10
687,102,1
687,3,4
687,110,9
687,117,7
687,81,7
687,13,6
687,9,9
687,2,7
687,76,6
687,125,5
687,65,5
687,60,3
687,33,3
687,115,8
687,56,6
687,31,7
687,93,5
687,118,4
687,22,5
687,123,8
687,108,2
687,148,7
688,97,1
688,7,9
688,4,3
688,101,10
688,20,5
689,66,10
689,84,2
689,80,7
689,24,5
689,21,8
689,135,7
689,118,8
689,54,9
690,72,4
691,106,9
691,97,5
691,4,10
691,90,1
691,133,8
691,13,8
691,87,5
692,137,3
692,126,10
692,124,6
692,47,1
692,98,9
692,22,10
692,142,1
692,104,2
693,3,8
693,8,3
693,17,7
693,140,10
693,67,10
693,76,6
693,13,7
693,131,5
693,125,4
693,97,5
693,82,3
693,27,10
693,48,2
693,58,1
693,44,6
694,119,7
694,17,2
695,124,9
695,49,4
695,92,2
696,23,3
696,80,9
696,104,10
696,14,8
696,131,6
697,8,2
697,61,7
697,33,5
697,27,4
697,96,2
697,144,4
697,71,3
697,56,5
697,58,1
697,24,3
697,82,3
697,139,7
697,97,9
697,134,2
697,18,1
698,20,8
699,13,9
699,15,3
699,101,5
699,79,9
699,65,7
700,114,9
700,118,2
700,141,9
700,47,7
700,94,3
700,10,7
700,63,10
700,127,6
700,81,4
700,136,9
700,52,3
700,142,8
700,20,1
700,121,4
700,97,7
700,48,5
700,107,7
700,144,2
700,110,3
700,90,10
700,108,8
700,56,7
700,89,6
700,148,10
700,19,10
701,63,7
701,91,8
701,81,2
701,6,4
701,138,6
701,9,7
701,21,3
701,57,6
702,76,3
702,47,1
702,22,9
702,107,4
702,43,10
702,9,4
702,88,10
702,145,6
702,92,6
703,65,8
703,20,10
703,142,6
703,95,3
703,91,7
704,113,8
705,144,5
705,102,2
705,8,1
705,23,2
705,83,3
705,21,9
705,58,9
706,102,2
706,116,4
706,117,3
707,56,10
708,56,4
708,102,8
708,112,3
708,60,1
708,125,3
708,78,5
708,64,8
708,106,4
708,85,2
708,23,1
708,42,9
708,11,3
708,2,1
708,49,6
708,18,5
708,19,7
708,137,2
708,72,1
708,66,4
708,103,9
708,21,2
708,123,5
708,87,5
708,91,3
708,57,9
709,99,1
709,63,2
709,109,2
709,30,5
709,131,2
709,134,9
709,89,1
709,146,8
709,68,9
709,31,7
709,69,3
709,74,6
709,76,4
709,17,10
709,90,8
709,87,9
709,93,7
709,28,4
709,138,5
709,43,3
709,80,5
709,79,10
709,5,7
709,119,10
709,83,9
710,118,9
710,120,10
710,63,9
710,92,5
710,103,6
710,2,9
711,71,3
711,127,3
711,48,3
711,149,10
711,142,7
712,138,5
712,40,7
712,96,9
712,112,5
712,30,3
712,15,1
713,49,6
714,54,1
714,95,3
714,3,9
715,123,10
715,60,8
715,23,7
715,10,9
716,28,3
716,63,4
716,92,1
716,107,6
716,22,10
716,11,3
716,30,7
716,145,2
716,111,7
716,40,2
716,60,9
716,97,1
716,64,2
716,73,5
716,84,4
716,124,4
716,120,4
716,101,5
716,148,8
716,3,10
716,134,5
716,52,7
716,75,8
716,147,10
716,146,8
717,124,1
718,68,2
718,79,9
718,31,4
719,13,10
719,142,2
719,137,8
719,26,6
719,103,8
719,140,10
719,117,3
719,123,2
719,53,1
720,110,9
720,47,7
720,138,2
720,95,1
720,1,1
720,129,1
720,144,2
720,3,7
720,24,8
721,106,3
721,55,10
721,52,5
722,93,8
723,139,7
723,14,2
723,24,2
723,141,7
723,71,9
723,100,5
723,112,10
723,18,7
724,65,6
724,26,2
724,119,4
724,17,8
724,105,2
724,41,8
725,90,7
725,30,6
725,65,2
725,58,2
725,108,2
726,121,1
726,42,6
726,84,5
726,106,9
726,105,2
726,116,8
726,44,6
726,41,7
726,3,1
726,64,6
726,128,9
726,110,10
726,61,10
726,149,6
726,65,10
726,1,6
726,103,3
726,97,6
726,51,4
726,72,7
726,101,4
726,78,2
726,138,6
726,92,4
726,134,5
727,6,5
727,77,10
728,100,2
728,142,3
728,24,5
728,84,7
728,40,6
728,123,9
729,148,7
729,1,2
729,116,5
729,97,5
729,111,6
729,28,10
729,45,1
729,49,8
729,15,2
730,98,4
730,149,6
730,128,9
730,131,5
731,109,1
731,62,10
731,69,8
731,129,7
731,10,7
731,67,7
732,74,10
732,147,5
732,121,5
732,131,7
732,105,10
732,65,2
732,85,3
732,51,6
733,114,6
734,52,3
735,15,3
735,98,2
735,76,6
735,12,2
735,63,8
735,28,6
735,110,2
735,85,6
735,33,8
736,64,4
736,3,9
736,92,8
736,146,10
736,90,8
736,112,2
736,107,2
736,126,10
736,8,8
736,22,1
736,51,4
736,47,5
736,63,4
736,40,9
736,17,2
736,119,6
736,60,1
736,84,5
736,115,1
736,69,2
736,71,3
736,138,4
736,139,4
736,42,8
736,75,3
737,118,10
737,122,4
737,117,6
737,142,10
737,54,4
737,7,9
737,12,6
737,127,3
737,66,9
737,62,6
737,65,8
737,145,9
737,20,2
737,24,8
737,113,10
737,147,2
737,140,4
737,141,2
737,18,10
737,59,10
737,11,8
737,43,2
737,14,5
737,126,10
737,133,8
738,126,6
738,108,6
738,130,6
738,111,5
738,18,5
738,4,6
738,40,7
738,131,5
739,138,1
739,68,7
740,12,3
740,149,7
740,145,7
740,128,2
740,63,9
741,66,2
741,15,6
741,1,2
741,143,9
741,5,1
741,130,8
741,73,5
741,141,7
741,89,2
741,76,2
741,46,6
741,88,4
741,16,6
741,23,6
741,21,5
742,106,8
742,148,1
743,20,3
743,86,9
743,124,5
743,41,5
743,17,5
743,59,6
743,51,2
743,49,1
743,62,8
744,91,4
744,97,7
744,137,10
744,64,4
744,81,3
744,28,3
744,80,4
744,122,6
745,83,6
746,69,8
746,26,8
746,40,8
746,127,10
746,67,6
746,64,4
746,24,1
747,135,3
747,129,4
747,84,7
747,115,4
747,149,8
748,143,5
748,20,10
748,149,8
748,127,2
749,53,4
749,84,6
749,19,10
749,96,9
749,25,4
749,139,6
749,87,3
749,145,9
749,26,6
749,133,6
749,24,9
749,93,3
749,102,10
749,15,1
749,71,6
750,40,2
751,118,10
751,45,4
751,112,8
751,135,1
751,127,8
751,138,9
751,72,7
751,111,6
752,103,4
753,138,9
753,57,6
753,147,1
753,101,2
753,89,7
753,130,7
753,3,7
753,87,9
753,116,3
753,143,5
753,19,1
753,43,1
753,105,10
753,59,8
753,110,4
753,77,7
753,14,3
753,125,3
753,112,10
753,17,8
753,144,6
753,9,7
753,118,5
753,31,3
753,91,7
754,71,1
754,79,5
754,126,7
755,111,6
755,88,10
755,53,7
756,142,4
756,93,6
757,97,9
757,78,1
757,65,3
757,74,6
757,25,7
757,12,8
758,135,1
758,52,9
758,117,8
758,56,7
758,111,4
758,69,8
758,82,4
758,136,2
758,95,5
759,105,1
759,41,3
759,117,2
759,20,10
759,71,10
759,142,3
759,119,2
759,9,6
759,108,10
759,49,6
759,91,6
759,61,9
759,66,5
759,128,1
759,136,6
760,67,7
761,119,10
761,26,9
761,19,4
761,70,5
762,43,5
763,46,6
763,99,1
763,122,1
763,44,6
763,127,3
763,116,6
763,91,5
764,54,1
764,74,1
764,127,9
764,72,3
764,69,6
764,95,4
764,16,4
764,30,7
764,50,4
764,3,3
764,8,2
764,111,10
764,75,2
764,116,8
764,112,7
764,94,1
764,77,8
764,63,5
764,67,9
764,149,10
764,71,5
764,144,4
764,147,8
764,138,9
764,56,2
765,30,1
765,149,8
765,103,6
766,23,2
766,93,8
766,24,10
766,18,2
766,47,8
766,16,4
766,90,4
766,44,7
766,52,9
766,111,3
766,97,3
766,108,2
766,12,4
766,136,6
766,135,1
766,121,1
766,5,9
766,113,1
766,146,1
766,46,3
766,58,8
766,117,3
766,103,6
766,55,5
766,59,4
767,11,4
767,116,1
767,13,6
767,55,6
767,85,10
767,129,10
767,93,7
767,110,4
767,92,4
767,45,1
767,94,6
767,83,4
767,134,1
767,145,6
767,122,4
768,67,3
768,42,10
768,103,6
768,19,6
769,142,5
769,103,3
769,60,7
769,141,9
769,31,6
769,136,9
769,119,3
769,47,8
769,23,9
769,95,6
769,87,8
769,18,8
769,52,3
769,50,9
769,62,10
769,140,8
769,5,1
769,46,1
769,149,9
769,49,2
769,100,9
769,104,9
769,91,8
769,82,2
769,131,1
770,33,4
770,95,4
770,92,5
770,129,1
770,128,10
770,112,4
770,102,7
770,45,1
770,142,10
770,143,2
770,53,8
770,82,4
770,108,5
770,26,7
770,64,9
771,120,3
771,130,7
771,103,8
771,59,4
771,119,6
771,108,10
771,146,2
771,62,2
771,91,8
771,80,7
771,86,5
771,7,1
771,45,9
771,134,7
771,104,5
772,142,2
772,115,10
772,111,8
773,128,8
773,17,9
773,63,1
773,114,9
773,121,7
773,126,7
773,130,5
773,105,7
773,79,4
773,103,4
773,9,4
773,1,7
773,132,5
773,146,1
773,16,10
774,149,8
774,66,6
774,95,4
774,57,8
774,107,6
774,132,6
774,73,4
774,7,6
774,74,6
774,82,9
774,44,8
774,99,10
774,104,4
774,135,1
774,87,9
775,1,4
775,33,4
775,23,9
775,106,2
776,68,1
776,31,5
776,82,4
776,42,7
777,45,6
777,146,1
777,67,7
778,144,9
778,54,5
778,110,5
778,90,7
778,93,4
779,102,4
779,76,3
779,149,7
780,146,7
780,133,8
781,77,2
782,46,4
782,109,8
782,89,9
782,75,3
782,67,5
782,69,8
782,110,3
782,132,6
782,101,10
783,134,3
783,125,8
783,11,7
783,139,7
783,51,4
783,120,8
783,121,9
783,76,8
783,103,5
783,115,8
783,74,9
783,55,6
783,12,5
783,131,5
783,24,1
783,91,4
783,53,4
783,110,10
783,5,3
783,6,2
783,31,6
783,10,8
783,18,2
783,81,4
783,16,7
784,40,10
784,83,2
784,121,4
784,113,4
784,56,1
784,148,10
784,116,3
784,106,9
784,47,3
784,55,10
784,137,7
784,139,3
784,103,4
784,79,10
784,41,1
784,64,4
784,52,6
784,4,9
784,108,8
784,22,6
784,120,6
784,5,4
784,1,5
784,133,3
784,74,3
785,89,2
785,84,3
785,120,7
785,73,6
785,86,7
785,54,8
785,124,8
785,7,6
785,25,3
785,41,5
785,142,1
785,90,5
785,134,7
785,9,7
785,11,10
786,110,1
786,42,2
786,6,2
786,18,10
787,75,4
787,116,1
787,60,9
787,115,2
787,106,5
787,86,6
787,140,4
787,9,9
788,111,3
789,47,10
789,22,5
789,106,8
789,75,3
789,131,10
789,58,9
789,81,3
790,75,3
790,13,10
790,135,5
791,14,5
791,5,7
791,119,6
791,129,7
791,56,8
791,108,5
791,127,4
791,16,1
791,25,8
791,30,1
791,99,8
791,24,6
791,125,9
791,115,4
791,20,2
792,53,10
792,90,3
792,3,2
792,94,2
792,133,8
792,140,6
792,121,10
792,9,4
792,91,5
793,90,9
793,67,1
794,113,3
794,123,7
794,65,9
794,1,3
795,116,8
795,121,1
795,68,5
795,73,8
795,133,5
795,87,9
795,31,4
795,104,2
796,31,9
796,12,5
797,49,10
797,102,6
797,111,9
797,137,5
797,118,3
797,15,2
797,85,3
797,103,3
797,121,2
797,88,7
797,133,8
797,105,1
797,48,5
797,139,5
797,19,10
798,148,8
798,144,6
798,62,4
798,114,9
798,140,10
798,49,10
798,55,7
798,97,3
798,27,3
799,87,9
799,138,2
799,65,9
799,21,7
799,114,8
799,123,9
800,144,1
800,145,1
800,101,6
800,91,9
800,98,10
800,76,5
800,119,7
800,49,4
800,92,7
